Essay,grade
"“I can’t sleep without them!” my face scrunched up, clutching piles of cushions in an uncharacteristic moment of seven-year-old stubbornness. An overnight trip without my Stitch face pillow? My dolphin pillow pets?  This was absolutely unacceptable, robbing me of the comfort and structure that was my nightly routine. Today, ten-years later, I still relish flopping backwards onto my bed, cushioned by my carefully curated collection of pillows, each encasing a different side of myself:

Smiling beside me is my chibi avocado pillow, a celebratory gift from my parents for finally trying guacamole. Green, mushy, yucky! I once wrinkled my nose in disgust at the outward appearance of this vegetable (fruit?): before tasting the tableside guac at our favorite Mexican joint. Today, I laugh at the “avocado anecdote” looking at this pillow, but simultaneously remember the message my parents sent me; a reminder to never dismiss new opportunities at first glance. 

Near the avocado, a ruffled teal pillow from Target sits atop its matching ruffled duvet. Struck with inspiration to redesign my room, I bought this pillow in middle school, after viewing an artsy article in American Girl Magazine’s spring spread. Design continues to fuel my burning creative spark, whether through computing or character art. From the “Coding Projects in Scratch” book, I took inspiration to tinker with block-based programming, designing my own graphics-based puzzles & platformers that provided me the fundamentals to pursue higher-level CS in Python & Java. In the pages of Christopher Hart’s “Master Guide to Drawing Anime”, I study dynamic character composition and the intricacies of cell shading, applying these illustrative techniques to my own digital art.

Propped against the headboard, a My Melody pillow cushions my head, a nod to my former aversion to all things “cute.” At age thirteen, the mere thought of being seen sleeping with a pink, fluffy, bunny pillow (Hello Kitty-branded, no less!) horrified me. Now, through My Melody, I embrace my whimsical side, unapologetically jamming out to bubbly idol music or squealing over the turquoise, twin-tailed virtual popstar Hatsune Miku. While tuning synthesized singing vocals for my VOCALOID cover channel on YouTube, my inner geek shines through my usually studious and composed exterior.

Lounging lazily beside my bed sits the master pillow, Slothogus, the 3 foot tall, jumbo stuffed sloth, doubling as my go-to living room throw pillow. As my brain rapidly flips between subjects, whether cramming fundamental forces in AP Physics 1, rapidly typing an 11-page research report for AP Seminar, or frantically debugging Java assignments for my Columbia U class, I often find myself overwhelmed by my academic “overachiever"" habits. To quiet this mental clamor, I spare a moment of rest on Slothogus’ plush shoulder. From his stitched smile, I learn to take advantage of what little downtime I have. Be like Slothogus, I inhale, letting my academic-addled anxieties dissipate as I binge a few episodes of Gilmore Girls or Great British Bake Off with my family. 

Maybe by next year, I will have broken 1:00 in the 100 fly, finished my Girl Scout Gold Award Project, and developed the next cutting-edge software to synthesize singing. Maybe, I’ll turn in my first capstone project for Intro to Computational Linguistics. And maybe, I’ll have added another pillow to the collection, so I can take the day off and have a lie in.

I’ll sleep on it.",10
"My laptop is like a passport. It is plastered with stickers all over the outside, inside, and bottom. Each sticker is a stamp, representing a place I've been, a passion I've pursued, or community I've belonged to. These stickers make for an untraditional first impression at a meeting or presentation, but it's one I'm proud of. Let me take you on a quick tour:

""We < 3 Design,"" bottom left corner. Art has been a constant for me for as long as I can remember. Today my primary engagement with art is through design. I've spent entire weekends designing websites and social media graphics for my companies. Design means more to me than just branding and marketing; it gives me the opportunity to experiment with texture, perspective, and contrast, helping me refine my professional style.

""Common Threads,"" bottom right corner. A rectangular black and red sticker displaying the theme of the 2017 TEDxYouth@Austin event. For years I've been interested in the street artists and musicians in downtown Austin who are so unapologetically themselves. As a result, I've become more open-minded and appreciative of unconventional lifestyles. TED gives me the opportunity to help other youth understand new perspectives, by exposing them to the diversity of Austin where culture is created, not just consumed.

Poop emoji, middle right. My 13-year-old brother often sends his messages with the poop emoji 'echo effect,' so whenever I open a new message from him, hundreds of poops elegantly cascade across my screen. He brings out my goofy side, but also helps me think rationally when I am overwhelmed. We don't have the typical ""I hate you, don't talk to me"" siblinghood (although occasionally it would be nice to get away from him); we're each other's best friends. Or at least he's mine.

""Lol ur not Harry Styles,"" upper left corner. Bought in seventh grade and transferred from my old laptop, this sticker is torn but persevering with layers of tape. Despite conveying my fangirl-y infatuation with Harry Styles' boyband, One Direction, for me Styles embodies an artist-activist who uses his privilege for the betterment of society. As a $42K donor to the Time's Up Legal Defense Fund, a hair donor to the Little Princess Trust, and promoter of LGBTQ+ equality, he has motivated me to be a more public activist instead of internalizing my beliefs.

""Catapult,"" middle right. This is the logo of a startup incubator where I launched my first company, Threading Twine. I learned that business can provide others access to fundamental human needs, such as economic empowerment of minorities and education. In my career, I hope to be a corporate advocate for the empowerment of women, creating large-scale impact and deconstructing institutional boundaries that obstruct women from working in high-level positions. Working as a women's rights activist will allow me to engage in creating lasting movements for equality, rather than contributing to a cycle that elevates the stances of wealthy individuals.

""Thank God it's Monday,"" sneakily nestled in the upper right corner. Although I attempt to love all my stickers equally (haha), this is one of my favorites. I always want my association with work to be positive.

And there are many others, including the horizontal, yellow stripes of the Human Rights Campaign; ""The Team,"" a sticker from the Model G20 Economics Summit where I collaborated with youth from around the globe; and stickers from ""Kode with Klossy,"" a community of girls working to promote women's involvement in underrepresented fields.

When my computer dies (hopefully not for another few years), it will be like my passport expiring. It'll be difficult leaving these moments and memories behind, but I probably won't want these stickers in my 20s anyways (except Harry Styles, that's never leaving). My next set of stickers will reveal my next set of aspirations. They hold the key to future paths I will navigate, knowledge I will gain, and connections I will make.",10
"I am on Oxford Academy’s Speech and Debate Team, in both the Parliamentary Debate division and the Lincoln-Douglass debate division. I write screenplays, short stories, and opinionated blogs and am a regular contributor to my school literary magazine, The Gluestick. I have accumulated over 300 community service hours that includes work at homeless shelters, libraries, and special education youth camps. I have been evaluated by the College Board and have placed within the top percentile.

But I am not any of these things. I am not a test score, nor a debater, nor a writer. I am an anti-nihilist punk rock philosopher. And I became so when I realized three things:

1) That the world is ruled by underwear. There is a variety of underwear for a variety of people. You have your ironed briefs for your businessmen, your soft cottons for the average, and hemp-based underwear for your environmental romantics. But underwear do not only tell us about who we are, they also influence our daily interactions in ways most of us don't even understand. For example, I have a specific pair of underwear that is holey, worn out but surprisingly comfortable. And despite how trivial underwear might be, when I am wearing my favorite pair, I feel as if I am on top of the world. In any case, these articles of clothing affect our being and are the unsung heroes of comfort.

2) When I realized I cannot understand the world. I recently debated at the Orange County Speech League Tournament, within the Parliamentary Division. This specific branch of debate is an hour long, and consists of two parties debating either side of a current political issue. In one particular debate, I was assigned the topic: “Should Nation States eliminate nuclear arms?” It so happened that I was on the negative side and it was my job to convince the judges that countries should continue manufacturing nuclear weapons. During the debate, something strange happened: I realized that we are a special breed of species, that so much effort and resources are invested to ensure mutual destruction. And I felt that this debate in a small college classroom had elucidated something much more profound about the scale of human existence. In any case, I won 1st place at the tournament, but as the crowd cheered when my name was called to stand before an audience of hundreds of other debaters, and I flashed a victorious smile at the cameras, I couldn’t help but imagine that somewhere at that moment a nuclear bomb was being manufactured, adding to an ever-growing stockpile of doom. And that's when I realized that the world was something I will never understand.

3) When I realized I was a punk rocker philosopher. One summer night, my friend took me to an underground hardcore punk rock show. It was inside a small abandoned church. After the show, I met and became a part of this small community. Many were lost and on a constant soul-search, and to my surprise, many, like myself, did not have a blue Mohawk or a nose piercing. Many were just ordinary people discussing Nietzsche, string theory, and governmental ideologies. Many were also artists creating promotional posters and inventive slogans for stickers. They were all people my age who could not afford to be part of a record label and did something extraordinary by playing in these abandoned churches, making their own CDs and making thousands of promotional buttons by hand. I realized then that punk rock is not about music nor is it a guy with a blue Mohawk screaming protests. Punk rock is an attitude, a mindset, and very much a culture. It is an antagonist to the conventional. It means making the best with what you have to contribute to a community. This was when I realized that I was a punk rock philosopher.

The world I come from consists of underwear, nuclear bombs, and punk rockers. And I love this world. My world is inherently complex, mysterious, and anti-nihilist. I am David Phan, somebody who spends his weekends debating in a three piece suit, other days immersed within the punk rock culture, and some days writing opinionated blogs about underwear.

But why college? I want a higher education. I want more than just the textbook fed classrooms in high school. A community which prizes revolutionary ideals, a sharing of multi-dynamical perspectives, an environment that ultimately acts as a medium for movement, similar to the punk rock community. I do not see college as a mere stepping stone for a stable career or a prosperous life, but as a supplement for knowledge and self-empowerment; it is a social engine that will jettison us to our next paradigm shift.",10
"Hey Mike, I need a Godfather Sub, no tomato, and a Foot Surfer without avocado! The biggest hit of the day approaches as the clock ticks down to 12:00 noon. I rush over the order tickets. The bell chimes, the door swings open, and the guys working construction on the Jupiter Medical Center flood the deli. Working at Rinaldi’s is more than just a source of income; it is a microcosm of who I have become: a multilingual student committed to understanding and engaging in global affairs; an independent learner able to balance my intellectual and artistic pursuits with the need to structure my time and refine my skills; someone who steps into the shoes of others, and considers issues from contrasting perspectives.

I grew up in Briarcliff Manor, a small homogeneous town in New York State. Since birth, I had known everybody, every street, and every waiter at Squire’s, where I got the crinkly fries and chicken tenders. I was perfectly happy in my hometown, neither traveling nor speaking other languages. In 8th grade, my family’s move to Jupiter, Florida, near Miami, was a shock that led to a massive cultural awakening. I dove into my new surroundings and began working at a popular local deli: Jupiter Rinaldi’s.

Qué le gustaría pedir, señor? Interacting with local deli customers, many of whom hail from Spanish-speaking countries, ignites my eagerness to learn their language and experience their cultures. I develop an empathy for these workmen who come in sweaty, tired, hungry, and pressed for time on their lunch break, yet hesitate to order in English. I love to see the joy on their faces and to hear them laugh when I speak their native language. The deli becomes my daily classroom: real interactions replace vocabulary lists. I realize that communicating across language barriers is a super power, opening infinite possibilities to connect with people.

Interacting with customers at the deli catalyzes my linguistic journey. One day, my Spanish teacher introduces himself in German, which sounds beautiful and rich. I immediately install Duolingo and practice. My enthusiasm for Spanish initially leads to studying German, then studying the cyrillic alphabet for Russian, then memorizing over 60 Hiragana and Katakana characters for Japanese. Now I am watching documentaries and Netflix series in other languages, reading books like “Western Philosophy in Simple Spanish” and “World War 1 in Simple German,” (by Olly Richards, leader of the YouTube language dorks). I even watch SpongeBob, my favorite childhood show, in German. I link my passion for languages to my love of history and am becoming a self-made historian. “Das Boot,” “Downfall,” and “Babylon Berlin,” subtitled in English, acquaint my ear with German, but also immerse me in the Weimar Republic and WWII. I examine major events of the 20th century, in Germany and the USSR, and develop an understanding of how propaganda campaigns weaponize entire generations for their own gain. I grow aware of the ever-present danger when history repeats itself.

Everything exact, all right? my boss Mike always exclaims. Integral to my deli job is running the meat slicer so that the slices come out right: not too thin, not too thick. I’ve learned to calibrate the thickness of the slice, place the correct amount of pressure on the adjustable plate, show up on time, shoulder responsibility, do what I’m told, respect hierarchy, and, as taught by my parents, always try my best. I use my time efficiently, develop a daily pattern, build my days around work, and exercise at Topper Fitness after my shift. 

Perfecting my slicing extends far beyond deli meats to include refining a Hendrix riff for days on my fittingly Irish-green stratocaster, or honing my collection of ridiculously obscure Major League Baseball statistics. Serving customers equips me to mediate arguments among friends, and forging a family at Rinaldi’s assures me that I can make any community my home.",10
"When I was very little, I caught the travel bug. It started after my grandparents first brought me to their home in France and I have now been to twenty-nine different countries. Each has given me a unique learning experience.

At five, I marveled at the Eiffel Tower in the City of Lights. When I was eight, I stood in the heart of Piazza San Marco feeding hordes of pigeons, then glided down Venetian waterways on sleek gondolas. At thirteen, I saw the ancient, megalithic structure of Stonehenge and walked along the Great Wall of China, amazed that the thousand-year-old stones were still in place.

It was through exploring cultures around the world that I first became interested in language.

It began with French, which taught me the importance of pronunciation. I remember once asking a store owner in Paris where Rue des Pyramides was. But when I pronounced it PYR–a–mides instead of pyr–A–mides, with more accent on the A, she looked at me bewildered.

In the eighth grade, I became fascinated with Spanish and aware of its similarities with English through cognates. Baseball in Spanish, for example, is béisbol, which looks different but sounds nearly the same. This was incredible to me as it made speech and comprehension more fluid, and even today I find that cognates come to the rescue when I forget how to say something in Spanish.

Then, in high school, I developed an enthusiasm for Chinese. As I studied Chinese at my school, I marveled how if just one stroke was missing from a character, the meaning is lost. I loved how long words were formed by combining simpler characters, so Huǒ (火) meaning fire and Shān (山) meaning mountain can be joined to create Huǒshān (火山), which means volcano. I love spending hours at a time practicing the characters and I can feel the beauty and rhythm as I form them.

Interestingly, after studying foreign languages, I was further intrigued by my native tongue. Through my love of books and fascination with developing a sesquipedalian lexicon (learning big words), I began to expand my English vocabulary. Studying the definitions prompted me to inquire about their origins, and suddenly I wanted to know all about etymology, the history of words. My freshman year I took a world history class and my love for history grew exponentially. To me, history is like a great novel, and it is especially fascinating because it took place in my own world.

But the best dimension that language brought to my life is interpersonal connection. When I speak with people in their native language, I find I can connect with them on a more intimate level. I’ve connected with people in the most unlikely places, finding a Bulgarian painter to use my few Bulgarian words with in the streets of Paris, striking up a conversation in Spanish with an Indian woman who used to work at the Argentinian embassy in Mumbai, and surprising a library worker by asking her a question in her native Mandarin.

I want to study foreign language and linguistics in college because, in short, it is something that I know I will use and develop for the rest of my life. I will never stop traveling, so attaining fluency in foreign languages will only benefit me. In the future, I hope to use these skills as the foundation of my work, whether it is in international business, foreign diplomacy, or translation.

I think of my journey as best expressed through a Chinese proverb that my teacher taught me, “I am like a chicken eating at a mountain of rice.” Each grain is another word for me to learn as I strive to satisfy my unquenchable thirst for knowledge.

Today, I still have the travel bug, and now, it seems, I am addicted to language too.",10
"Growing up, I kept my head to the ground—literally.

I frequently searched the soil, collecting interesting rocks:, whether tucked beneath bushes, in forgotten cupholders, or even hidden in the tiny, useless front pockets of women’s jeans. I continue to collect rocks to this day because I believe that valuable lessons can be extracted from them. My collection is in no way expensive or high quality, but is instead rich in memories.

So what have I learned from my collection?

“Dragon egg”: When I was younger, my friends and I gathered fist-sized stones and pretended they were dragon eggs. We’d feed them magical soups (composed of shampoo, daisies, and glitter), which made the rocks sparkle in the sunshine. Out of sentimentality, I kept my dragon egg, because it reminds me never to lose my “sparkle” or creativity. Nowadays, I manifest this creativity through various outlets. I practice Minhwa, traditional Korean watercolor painting, with my mom bringing Korean folktale characters and scenery to life. I often play the piano, enjoying and treasuring music as a hobby. I even incorporate this “sparkle” into my outfits, adopting a wide range of fashion styles from Y2K, dark academia, to “Shrek-inspired.”. My creative hobbies are important for me to maintain balance—giving myself the rejuvenation and reflection needed to breathe fire into other aspects of my life.

Cracked pavement: My penchant for collecting shards of cracked pavement mirrors my love for tennis and sports, as both exemplify the beauty of resilience. Just as I've learned to appreciate the intricate textures and patterns in discarded concrete, I've honed my skills on the tennis court, eventually securing a spot on the varsity girls' tennis team. These experiences have taught me that success is born from dedication and a willingness to find beauty in the journey, even amidst the cracks.

Sedimentary stones: Composed of diverse clasts—the rock equivalent of crumbs—sedimentary stones symbolize the intentional, purposeful role I’ve played in designing my academic journey. My passion for learning drives me to explore unique and specialized courses like Auto and Human Anatomy, which not only challenge my intellect but also resonate with real-world applications. And I don’t study to just do well on a test—I deeply contemplate how to apply course material in different aspects of education and life. For example, APUSH didn’t just teach me history, but also how to be a better leader. Analyzing documents throughout history has helped me successfully form innovative and effective policies leading SciOly and HOSA. Like sedimentary rocks, I collect “clasts,”, becoming more resilient, capable, and stronger along the way.

Patio stone: An ordinary stone taken from the bed of rocks on my patio left a small gap, from which a mystery tree now sprouts. In the seven years and four months since I first noticed it, I have been unable to identify what kind of tree it is. In that time, I have spent 2000 hours studying trees, rocks, and rivers and have dedicated 500 hours of that time learning how to identify 250+ different trees. However, I don’t mind the fact that I can’t identify the mystery tree; it reminds me that there is still more to discover, learn about, and study. Every glance at the tree (which quite literally “stumps” me) is a reminder to appreciate my growth and to continue to strive, even in rocky conditions.

In the pensive moments when I scan the ground for rocks, I find profound lessons hidden within the mundane. These unassuming fragments of the Earth's history have been my unlikely mentors. Each rock is a reminder that growth and wisdom are found in the simplest of things, and as I reflect on these silent, unchanging witnesses of time, I am inspired to continue my journey.

Taking the next step, I plunge my hands into the deep, earthy soil once more. What kind of rock will I uncover? And where will it bring me next?",10
"Bowing down to the porcelain god, I emptied the contents of my stomach. Foaming at the mouth, I was ready to pass out. My body couldn’t stop shaking as I gasped for air, and the room started spinning.

Ten minutes prior, I had been eating dinner with my family at a Chinese restaurant, drinking chicken-feet soup. My mom had specifically asked the waitress if there were peanuts in it, because when I was two we found out that I am deathly allergic to them. When the waitress replied no, I went for it. Suddenly I started scratching my neck, feeling the hives that had started to form. I rushed to the restroom to throw up because my throat was itchy and I felt a weight on my chest. I was experiencing anaphylactic shock, which prevented me from taking anything but shallow breaths. I was fighting the one thing that is meant to protect me and keep me alive – my own body.

At five years old, I couldn’t comprehend what had happened. All I knew was that I felt sick, and I was waiting for my mom to give me something to make it better. I thought my parents were superheroes; surely they would be able to make well again. But I became scared when I heard the fear in their voices as they rushed me to the ER.

After that incident, I began to fear. I became scared of death, eating, and even my own body. As I grew older, I became paranoid about checking food labels and I avoided eating if I didn’t know what was in the food. I knew what could happen if I ate one wrong thing, and I wasn’t willing to risk it for a snack. Ultimately, that fear turned into resentment; I resented my body for making me an outsider.

In the years that followed, this experience and my regular visits to my allergy specialist inspired me to become an allergy specialist. Even though I was probably only ten at the time, I wanted to find a way to help kids like me. I wanted to find a solution so that nobody would have to feel the way I did; nobody deserved to feel that pain, fear, and resentment. As I learned more about the medical world, I became more fascinated with the body’s immune responses, specifically, how a body reacts to allergens. This past summer, I took a month-long course on human immunology at Stanford University. I learned about the different mechanisms and cells that our bodies use in order to fight off pathogens. My desire to major in biology in college has been stimulated by my fascination with the human body, its processes, and the desire to find a way to help people with allergies. I hope that one day I can find a way to stop allergic reactions or at least lessen the symptoms, so that children and adults don’t have to feel the same fear and bitterness that I felt.

To find out if your essay passes the Great College Essay Test like this one did, go here.",10
"When I was 16, I lived with the Watkins family in Wichita, Kansas. Mrs. Watkins was the coordinator of the foreign exchange student program I was enrolled in. She had a nine year old son named Cody. I would babysit Cody every day after school for at least two to three hours. We would play Scrabble or he would read to me from Charlotte’s Web or The Ugly Duckling. He would talk a lot about his friends and school life, and I would listen to him and ask him the meanings of certain words. He was my first friend in the New World.

My second family was the Martinez family, who were friends of the Watkins’s. The host dad Michael was a high school English teacher and the host mom Jennifer (who had me call her “Jen”) taught elementary school. She had recently delivered a baby, so she was still in the hospital when I moved into their house. The Martinez family did almost everything together. We made pizza together, watched Shrek on their cozy couch together, and went fishing on Sunday together. On rainy days, Michael, Jen and I would sit on the porch and listen to the rain, talking about our dreams and thoughts. Within two months I was calling them mom and dad.

After I finished the exchange student program, I had the option of returning to Korea but I decided to stay in America. I wanted to see new places and meet different people. Since I wasn’t an exchange student anymore, I had the freedom--and burden--of finding a new school and host family on my own. After a few days of thorough investigation, I found the Struiksma family in California. They were a unique group.

The host mom Shellie was a single mom who had two of her own sons and two Russian daughters that she had adopted. The kids always had something warm to eat, and were always on their best behavior at home and in school. It would be fair to say that this was all due to Shellie’s upbringing. My room was on the first floor, right in front of Shellie’s hair salon, a small business that she ran out of her home. In the living room were six or seven huge amplifiers and a gigantic chandelier hung from the high ceiling. The kitchen had a bar. At first, the non-stop visits from strangers made me nervous, but soon I got used to them. I remember one night, a couple barged into my room while I was sleeping. It was awkward.

After a few months I realized we weren’t the best fit. In the nicest way possible, I told them I had to leave. They understood.

The Ortiz family was my fourth family. Kimberly, the host mom, treated me the same way she treated her own son. She made me do chores: I fixed dinner, fed their two dogs Sassy and Lady, and once a week I cleaned the bathroom. I also had to follow some rules: No food in my room, no using the family computer, no lights on after midnight, and no ride unless it was an emergency. The first couple of months were really hard to get used to, but eventually I adjusted.

I lived with the Ortiz family for seven months like a monk in the deep forest. However, the host dad Greg’s asthma got worse after winter, so he wanted to move to the countryside. It was unexpected and I only had a week to find a new host family. I asked my friend Danielle if I could live with her until I found a new home. That’s how I met the Dirksen family, my fifth family.

The Dirksen family had three kids. They were all different. Danielle liked bitter black coffee, Christian liked energy drinks, and Becca liked sweet lemon tea. Dawn, the host mom didn’t like winter, and Mark, the host dad, didn’t like summer. After dinner, we would all play Wii Sports together. I was the king of bowling, and Dawn was the queen of tennis. I don’t remember a single time that they argued about the games. Afterward, we would gather in the living room and Danielle would play the piano while the rest of us sang hymns.

Of course, those 28 months were too short to fully understand all five families, but I learned from and was shaped by each of them. By teaching me English, nine year-old Cody taught me the importance of being able to learn from anyone; the Martinez family showed me the value of spending time together as a family; the Struiksma family taught me to reserve judgment about divorced women and adopted children; Mrs. Ortiz taught me the value of discipline and the Dirksen family taught me the importance of appreciating one another’s different qualities.

Getting along with other people is necessary for anyone and living with five families has made me more sensitive to others’ needs: I have learned how to recognize when someone needs to talk, when I should give advice and when to simply listen, and when someone needs to be left alone; in the process, I have become much more adaptable. I’m ready to change, learn, and be shaped by my future families.
",10
"I’ve spent most of my life as an anti-vegetable carboholic.  For years, processed snack foods ruled the kitchen kingdom of my household and animal products outnumbered plant-based offerings. 

My transformation began with my mom’s cancer diagnosis. My mom went on a 100% whole food plant-based diet. I fully embraced this new eating philosophy to show my support. Eager to figure out the whole “vegan” thing, the two of us started binge-watching health documentaries such as “What the Health” and “Forks Over Knives”. We read all the books by the featured doctors like “The China Study” and “How Not To Die”. I became entranced by the world of nutritional science and how certain foods could help prevent cancer or boost metabolism. 

Each new food I discovered gave me an education on the role diet plays on health. I learned that, by eating sweet potatoes and brown rice, you could cure acne and heart disease. I discovered eating leafy greens with citrus fruits could boost iron absorption rates. I loved pairing my foods to create the perfect macronutrient balance. Did you know beans and rice make a complete protein? 

Food has also turned me into a sustainability nut. Living plant-based also saves the planet from the impact of animal agriculture. For the same amount of land space, a farmer can produce 200 kilograms of soybeans versus 16 kilograms of beef. I do my part to have as small of an ecological footprint as I can. I stopped using plastic snack bags and instead turned to reusable beeswax wraps. My favorite reusable appliance is my foldable straw. If I am going to nourish my body, shouldn’t I also want to nourish the earth? 

My journey toward healthy living led me to becoming co-leader of the Northern Nevada PlantPure Pod, “Biggest Little Plant Pod”, a group dedicated to spreading the message about the whole food plant-based lifestyle. We are currently working on a restaurant campaign to encourage local eateries to create a plant-based, oil-free menu option and become PlantPure certified. After discovering how many restaurants use oil in their cooking, I decided I needed to open a plant-based oil free cafe to make up for this gap. My dream is to open up my very own affordable oatmeal cafe based on my Instagram page, morning_mOATivations. And I know that oatmeal isn’t the sexiest superfood out there, so here’s my sales pitch: I’m going to make oatmeal the Beyonce of the breakfast world- sweet, sassy, and power packed. This allows me to educate people about nutritional science through the stomach. 

Finally, I am a strong proponent of hands-on experience for learning what good food looks and tastes like, so cooking is one of my favorite ways to teach the benefits of a plant-based lifestyle. Using my taste buds as my textbook to learn which flavors work together and which ones don’t helps me educate, as I’ve found that information tends to stick in a person’s mind once they’ve experienced healthy, delicious foods with their own senses. Our society has taught us that delicious food has to make us feel guilty, when that is simply not the case. The best feeling in the world is falling in love with a dish and then learning all the health benefits that it provides the body.

While my classmates complain about being tired, I have more energy because my body is finally getting the right macros, vitamins, and minerals it needs. This has allowed me to push myself harder physically, excelling in running and earning my high school Cross Country team’s Most Improved award. I’m still a picky eater. But the foods I am particular about have changed. Rather than a carboholic, I choose to call myself a vegeholic.",10
